id	time	ID_c	ID_o	natural	familiar	alternativa
kqnmc6t9205gtbakot8dd7d172	1635341383.1632	<id:c2>	<id:o2>	1	4	NA
kqnmc6t9205gtbakot8dd7d172	1635341396.0888	<id:c6>	<id:o6>	6	1	NA
kqnmc6t9205gtbakot8dd7d172	1635341408.37	<id:c11>	<id:o11>	6	1	NA
kqnmc6t9205gtbakot8dd7d172	1635341424.753	<id:c10>	<id:o10>	5	2	NA
kqnmc6t9205gtbakot8dd7d172	1635341436.6195	<id:c9>	<id:o9>	5	4	NA
kqnmc6t9205gtbakot8dd7d172	1635341458.7252	<id:c5>	<id:o5>	6	1	NA
kqnmc6t9205gtbakot8dd7d172	1635341475.1244	<id:c4>	<id:o4>	7	1	NA
kqnmc6t9205gtbakot8dd7d172	1635341492.7264	<id:c8>	<id:o8>	7	1	NA
kqnmc6t9205gtbakot8dd7d172	1635341509.2233	<id:c7>	<id:o7>	7	1	NA
kqnmc6t9205gtbakot8dd7d172	1635341523.1758	<id:c12>	<id:o12>	7	1	NA
kqnmc6t9205gtbakot8dd7d172	1635341540.7329	<id:c1>	<id:o1>	2	2	NA
kqnmc6t9205gtbakot8dd7d172	1635341558.8574	<id:c3>	<id:o3>	3	3	NA
6cupo784dkab63d4gh20cbdog2	1635342892.7555	<id:c11>	<id:o11>	5	2	Estoy deseando verle la carita
6cupo784dkab63d4gh20cbdog2	1635342921.1672	<id:c4>	<id:o4>	7	1	NA
6cupo784dkab63d4gh20cbdog2	1635343007.8376	<id:c7>	<id:o7>	2	3	....el que no tiene recursos el el que más los necesita.
6cupo784dkab63d4gh20cbdog2	1635343065.7663	<id:c9>	<id:o9>	6	2	...he decidido colaborar con esta iniciativa.
6cupo784dkab63d4gh20cbdog2	1635343092.5938	<id:c6>	<id:o6>	7	1	NA
6cupo784dkab63d4gh20cbdog2	1635343140.2298	<id:c5>	<id:o5>	5	3	...lo que mas nos preocupa son las personas.
6cupo784dkab63d4gh20cbdog2	1635343231.1797	<id:c3>	<id:o3>	1	4	Cuanto mas se acerca un programa al prime time, más tiende a cruzarse la linea roja del infoespectáculo.
6cupo784dkab63d4gh20cbdog2	1635343249.7313	<id:c12>	<id:o12>	7	1	NA
6cupo784dkab63d4gh20cbdog2	1635343270.1095	<id:c8>	<id:o8>	7	1	NA
6cupo784dkab63d4gh20cbdog2	1635343337.1303	<id:c10>	<id:o10>	4	2	...vamos intentar hacer nuestro trabajo lo más rápido posible.
6cupo784dkab63d4gh20cbdog2	1635343386.2446	<id:c1>	<id:o1>	5	3	Cuantos más hombres amaba, menos...
6cupo784dkab63d4gh20cbdog2	1635343418.5519	<id:c2>	<id:o2>	1	4	???
29ksuaqpg8hca3q5ban2ta0aq1	1635347473.474	<id:c7>	<id:o7>	7	1	NA
29ksuaqpg8hca3q5ban2ta0aq1	1635347495.6868	<id:c10>	<id:o10>	6	2	NA
29ksuaqpg8hca3q5ban2ta0aq1	1635347511.9765	<id:c11>	<id:o11>	6	2	NA
29ksuaqpg8hca3q5ban2ta0aq1	1635347527.5955	<id:c9>	<id:o9>	4	2	NA
29ksuaqpg8hca3q5ban2ta0aq1	1635347546.9229	<id:c12>	<id:o12>	7	1	NA
29ksuaqpg8hca3q5ban2ta0aq1	1635347559.3221	<id:c8>	<id:o8>	7	1	NA
29ksuaqpg8hca3q5ban2ta0aq1	1635347584.32	<id:c3>	<id:o3>	2	3	NA
29ksuaqpg8hca3q5ban2ta0aq1	1635347598.7213	<id:c6>	<id:o6>	7	1	NA
29ksuaqpg8hca3q5ban2ta0aq1	1635347623.4825	<id:c4>	<id:o4>	6	2	NA
29ksuaqpg8hca3q5ban2ta0aq1	1635347642.4046	<id:c2>	<id:o2>	5	2	NA
29ksuaqpg8hca3q5ban2ta0aq1	1635347666.3199	<id:c1>	<id:o1>	2	2	NA
29ksuaqpg8hca3q5ban2ta0aq1	1635347702.8347	<id:c5>	<id:o5>	4	3	NA
91pj22paf5902lhrjfme9oj737	1635348938.3745	<id:c4>	<id:o4>	6	1	NA
91pj22paf5902lhrjfme9oj737	1635348957.4836	<id:c5>	<id:o5>	5	2	NA
91pj22paf5902lhrjfme9oj737	1635348986.9784	<id:c3>	<id:o3>	6	2	NA
91pj22paf5902lhrjfme9oj737	1635349002.3635	<id:c10>	<id:o10>	7	1	NA
91pj22paf5902lhrjfme9oj737	1635349067.5351	<id:c11>	<id:o11>	3	3	Estoy deseando verle la carita dentro de unas semanas y saber que está sana 
91pj22paf5902lhrjfme9oj737	1635349083.2182	<id:c12>	<id:o12>	7	1	NA
91pj22paf5902lhrjfme9oj737	1635349100.1186	<id:c2>	<id:o2>	5	2	NA
91pj22paf5902lhrjfme9oj737	1635349129.3693	<id:c9>	<id:o9>	3	3	NA
91pj22paf5902lhrjfme9oj737	1635349145.8621	<id:c8>	<id:o8>	7	1	NA
91pj22paf5902lhrjfme9oj737	1635349157.0897	<id:c6>	<id:o6>	7	1	NA
91pj22paf5902lhrjfme9oj737	1635349170.3625	<id:c1>	<id:o1>	6	2	NA
91pj22paf5902lhrjfme9oj737	1635349184.5394	<id:c7>	<id:o7>	7	1	NA
3v9udcr6k4soj6d3j0gcmts612	1635357248.7464	<id:c9>	<id:o9>	1	2	NA
3v9udcr6k4soj6d3j0gcmts612	1635357264.8131	<id:c11>	<id:o11>	3	2	NA
3v9udcr6k4soj6d3j0gcmts612	1635357282.9734	<id:c2>	<id:o2>	1	4	NA
3v9udcr6k4soj6d3j0gcmts612	1635357307.39	<id:c8>	<id:o8>	7	1	NA
3v9udcr6k4soj6d3j0gcmts612	1635357325.4328	<id:c1>	<id:o1>	5	1	NA
3v9udcr6k4soj6d3j0gcmts612	1635357342.1876	<id:c6>	<id:o6>	7	1	NA
3v9udcr6k4soj6d3j0gcmts612	1635357363.4779	<id:c5>	<id:o5>	5	2	NA
3v9udcr6k4soj6d3j0gcmts612	1635357383.6891	<id:c7>	<id:o7>	6	1	NA
3v9udcr6k4soj6d3j0gcmts612	1635357406.906	<id:c10>	<id:o10>	2	2	NA
3v9udcr6k4soj6d3j0gcmts612	1635357433.2237	<id:c3>	<id:o3>	1	3	NA
3v9udcr6k4soj6d3j0gcmts612	1635357452.4545	<id:c4>	<id:o4>	6	1	NA
3v9udcr6k4soj6d3j0gcmts612	1635357464.8955	<id:c12>	<id:o12>	7	1	NA
539pdd9dgekr93nj394rrcj3q1	1635361710.7823	<id:c12>	<id:o12>	7	1	NA
539pdd9dgekr93nj394rrcj3q1	1635361744.8206	<id:c10>	<id:o10>	6	2	NA
539pdd9dgekr93nj394rrcj3q1	1635361763.8311	<id:c4>	<id:o4>	7	1	NA
539pdd9dgekr93nj394rrcj3q1	1635361780.667	<id:c5>	<id:o5>	6	1	NA
539pdd9dgekr93nj394rrcj3q1	1635361804.3604	<id:c1>	<id:o1>	3	4	NA
tcje390bjdgr9oa9mmj3v9vih5	1635361826.0467	<id:c12>	<id:o12>	7	1	NA
539pdd9dgekr93nj394rrcj3q1	1635361828.6035	<id:c6>	<id:o6>	7	1	NA
539pdd9dgekr93nj394rrcj3q1	1635361845.6254	<id:c8>	<id:o8>	6	2	NA
tcje390bjdgr9oa9mmj3v9vih5	1635361866.5464	<id:c1>	<id:o1>	5	3	Cuantos más hombres amaba menos tiempo tenía para admirarlos
539pdd9dgekr93nj394rrcj3q1	1635361876.6167	<id:c3>	<id:o3>	4	3	NA
539pdd9dgekr93nj394rrcj3q1	1635361901.998	<id:c11>	<id:o11>	4	2	NA
539pdd9dgekr93nj394rrcj3q1	1635361919.1361	<id:c9>	<id:o9>	4	2	NA
539pdd9dgekr93nj394rrcj3q1	1635361941.1586	<id:c7>	<id:o7>	7	1	NA
tcje390bjdgr9oa9mmj3v9vih5	1635361950.3907	<id:c2>	<id:o2>	5	2	NA
539pdd9dgekr93nj394rrcj3q1	1635361977.4651	<id:c2>	<id:o2>	1	3	NA
tcje390bjdgr9oa9mmj3v9vih5	1635361986.2964	<id:c7>	<id:o7>	6	2	Está claro que el que no tiene recursos es el que más necesita las ayudas
tcje390bjdgr9oa9mmj3v9vih5	1635362012.593	<id:c10>	<id:o10>	6	2	Por supuesto vamos a intentar hacer nuestro trabajo lo más rápidamente posible
tcje390bjdgr9oa9mmj3v9vih5	1635362055.6283	<id:c5>	<id:o5>	7	2	En la situación provocada por el volcán lo que más nos preocupa son las personas afectadas
tcje390bjdgr9oa9mmj3v9vih5	1635362124.7121	<id:c11>	<id:o11>	7	2	Estoy deseando verle la carita en unas semanas y saber que está sana
tcje390bjdgr9oa9mmj3v9vih5	1635362146.2718	<id:c6>	<id:o6>	7	1	NA
tcje390bjdgr9oa9mmj3v9vih5	1635362160.8091	<id:c4>	<id:o4>	7	1	NA
tcje390bjdgr9oa9mmj3v9vih5	1635362685.9124	<id:c3>	<id:o3>	4	3	Cuanto más se acerca un programa al prime time más tiende a cruzarse la línea roja de infraespectáculo
tcje390bjdgr9oa9mmj3v9vih5	1635362702.4259	<id:c8>	<id:o8>	7	1	NA
tcje390bjdgr9oa9mmj3v9vih5	1635362780.314	<id:c9>	<id:o9>	6	3	Por todos estos motivos he decidido colaborar en esta iniciativa
so935706v826k0b54t4i858eb5	1635368974.1159	<id:c8>	<id:o8>	7	1	NA
so935706v826k0b54t4i858eb5	1635369202.6182	<id:c3>	<id:o3>	3	3	Cuanto más se acerca un programa al primetime más tiende a cruzar la línea roja del i espectáculo 
so935706v826k0b54t4i858eb5	1635369272.6245	<id:c10>	<id:o10>	6	2	Por supuesto vamos a intentar hacer nuestro trabajo lo más rápido posible
so935706v826k0b54t4i858eb5	1635369298.3886	<id:c6>	<id:o6>	7	1	NA
so935706v826k0b54t4i858eb5	1635369343.5745	<id:c11>	<id:o11>	5	2	Estoy deseando verle la carita…
so935706v826k0b54t4i858eb5	1635369511.5945	<id:c7>	<id:o7>	4	3	… el que no tiene recursos es el que más las necesita
so935706v826k0b54t4i858eb5	1635369805.7425	<id:c2>	<id:o2>	1	4	NA
so935706v826k0b54t4i858eb5	1635369825.8437	<id:c4>	<id:o4>	7	1	NA
so935706v826k0b54t4i858eb5	1635369907.7691	<id:c5>	<id:o5>	5	2	Con respecto al volcán LL que más nos preocupa es la situación de las personas
so935706v826k0b54t4i858eb5	1635369956.1595	<id:c1>	<id:o1>	4	3	Cuanto más hombres amaba menos tiempo tenía para admirarlos
so935706v826k0b54t4i858eb5	1635369977.0607	<id:c12>	<id:o12>	7	1	NA
so935706v826k0b54t4i858eb5	1635370082.4205	<id:c9>	<id:o9>	6	2	Por todos estos motivos he decidido colaborar con esta iniciativa
l2m9ik9elc70j0p1pft6b7od74	1635370952.4281	<id:c6>	<id:o6>	7	1	NA
l2m9ik9elc70j0p1pft6b7od74	1635370981.1731	<id:c8>	<id:o8>	7	1	NA
l2m9ik9elc70j0p1pft6b7od74	1635371011.2477	<id:c12>	<id:o12>	7	1	NA
l2m9ik9elc70j0p1pft6b7od74	1635371054.2292	<id:c7>	<id:o7>	7	1	NA
l2m9ik9elc70j0p1pft6b7od74	1635371198.0331	<id:c11>	<id:o11>	6	2	Estoy deseando verla la carita...
l2m9ik9elc70j0p1pft6b7od74	1635371258.0863	<id:c10>	<id:o10>	6	2	Por supuesto,  vamos  a intentar hacer...
l2m9ik9elc70j0p1pft6b7od74	1635371359.9179	<id:c2>	<id:o2>	2	4	NA
l2m9ik9elc70j0p1pft6b7od74	1635371426.3337	<id:c1>	<id:o1>	5	3	Cuantos más hombres amaba...
l2m9ik9elc70j0p1pft6b7od74	1635371458.9192	<id:c4>	<id:o4>	6	1	NA
l2m9ik9elc70j0p1pft6b7od74	1635371533.7235	<id:c9>	<id:o9>	6	2	Por todos estos motivos, he decidido colaborar...
l2m9ik9elc70j0p1pft6b7od74	1635371600.483	<id:c5>	<id:o5>	5	2	NA
l2m9ik9elc70j0p1pft6b7od74	1635371803.8839	<id:c3>	<id:o3>	3	3	Cuanto más se acerca un programa  al prime time, está más cerca de cruzar la línea....
up9ail7csjoq1of73kodbnjge1	1635373913.9976	<id:c7>	<id:o7>	2	3	NA
up9ail7csjoq1of73kodbnjge1	1635373951.0314	<id:c12>	<id:o12>	7	1	NA
up9ail7csjoq1of73kodbnjge1	1635373971.66	<id:c3>	<id:o3>	2	4	NA
up9ail7csjoq1of73kodbnjge1	1635373984.7059	<id:c5>	<id:o5>	2	3	NA
up9ail7csjoq1of73kodbnjge1	1635374016.7395	<id:c11>	<id:o11>	3	2	NA
up9ail7csjoq1of73kodbnjge1	1635374053.8011	<id:c6>	<id:o6>	6	1	NA
up9ail7csjoq1of73kodbnjge1	1635374093.1622	<id:c4>	<id:o4>	4	2	NA
up9ail7csjoq1of73kodbnjge1	1635374115.2418	<id:c8>	<id:o8>	7	1	NA
up9ail7csjoq1of73kodbnjge1	1635374130.215	<id:c2>	<id:o2>	2	3	NA
up9ail7csjoq1of73kodbnjge1	1635374143.1098	<id:c10>	<id:o10>	3	2	NA
up9ail7csjoq1of73kodbnjge1	1635374155.8928	<id:c9>	<id:o9>	3	2	NA
up9ail7csjoq1of73kodbnjge1	1635374168.0092	<id:c1>	<id:o1>	2	3	NA
5rdkn0j3scnd96vco8aa1binj7	1635420399.5709	<id:c6>	<id:o6>	6	1	NA
5rdkn0j3scnd96vco8aa1binj7	1635420415.0271	<id:c8>	<id:o8>	7	1	NA
5rdkn0j3scnd96vco8aa1binj7	1635420446.8193	<id:c11>	<id:o11>	4	2	Estoy deseando verle la carita dentro de unas semanas y saber que está sana.
5rdkn0j3scnd96vco8aa1binj7	1635420499.1625	<id:c7>	<id:o7>	3	3	En cuanto a las ayudas, está claro que el que no tiene recursos es el que más las necesita.
5rdkn0j3scnd96vco8aa1binj7	1635423508.3198	<id:c12>	<id:o12>	5	1	Lo que tú necesitas es a alguien que te haga reír y te trate bien.                                                                                                 alguien que te haga reír y te trate bien.
5rdkn0j3scnd96vco8aa1binj7	1635423621.1916	<id:c1>	<id:o1>	6	1	Cuantos más hombres amaba, menos tiempo tenía para admirarlos.
5rdkn0j3scnd96vco8aa1binj7	1635423654.0089	<id:c4>	<id:o4>	7	1	NA
5rdkn0j3scnd96vco8aa1binj7	1635423691.7376	<id:c5>	<id:o5>	4	2	De la situación del volcán, lo que más nos preocupa son las personas.
5rdkn0j3scnd96vco8aa1binj7	1635423725.3233	<id:c10>	<id:o10>	2	2	Por supuesto, vamos a intentar hacer nuestro trabajo lo más rápido posible.
5rdkn0j3scnd96vco8aa1binj7	1635423751.4665	<id:c9>	<id:o9>	3	2	Por todos estos motivos, he decidido colaborar en esta iniciativa.
5rdkn0j3scnd96vco8aa1binj7	1635423798.1221	<id:c2>	<id:o2>	2	4	NA
5rdkn0j3scnd96vco8aa1binj7	1635423959.9162	<id:c3>	<id:o3>	4	2	Cuanto más se acerca un programa al prime time, más tiende a cruzarse la línea roja del infoespectáculo.
2pnpu2uhk3i9jdkrfspu50na47	1635443485.9192	<id:c6>	<id:o6>	6	1	NA
2pnpu2uhk3i9jdkrfspu50na47	1635443508.5944	<id:c2>	<id:o2>	4	2	NA
2pnpu2uhk3i9jdkrfspu50na47	1635443531.2867	<id:c3>	<id:o3>	5	2	NA
2pnpu2uhk3i9jdkrfspu50na47	1635443549.2695	<id:c10>	<id:o10>	3	2	NA
2pnpu2uhk3i9jdkrfspu50na47	1635443566.7639	<id:c4>	<id:o4>	6	1	NA
2pnpu2uhk3i9jdkrfspu50na47	1635443582.0547	<id:c8>	<id:o8>	7	1	NA
2pnpu2uhk3i9jdkrfspu50na47	1635443598.6133	<id:c5>	<id:o5>	3	2	NA
2pnpu2uhk3i9jdkrfspu50na47	1635443616.3429	<id:c12>	<id:o12>	7	1	NA
2pnpu2uhk3i9jdkrfspu50na47	1635443627.1646	<id:c1>	<id:o1>	5	2	NA
2pnpu2uhk3i9jdkrfspu50na47	1635443638.5652	<id:c7>	<id:o7>	7	1	NA
2pnpu2uhk3i9jdkrfspu50na47	1635443665.1253	<id:c11>	<id:o11>	3	2	NA
2pnpu2uhk3i9jdkrfspu50na47	1635443680.7895	<id:c9>	<id:o9>	5	2	NA
jr88i8u7tnd14f1s5e3jb1jjb1	1635494506.5477	<id:c1>	<id:o1>	6	1	Cuantos mas hombres amaba…
jr88i8u7tnd14f1s5e3jb1jjb1	1635494526.0524	<id:c11>	<id:o11>	7	1	NA
jr88i8u7tnd14f1s5e3jb1jjb1	1635494678.3775	<id:c3>	<id:o3>	6	3	Cuanto más un programa se acerca al prime time más tiende a cruzar….
jr88i8u7tnd14f1s5e3jb1jjb1	1635494709.9386	<id:c4>	<id:o4>	7	1	NA
jr88i8u7tnd14f1s5e3jb1jjb1	1635494845.6908	<id:c5>	<id:o5>	6	3	De la situación del volcán, lo que más nos preocupa…
jr88i8u7tnd14f1s5e3jb1jjb1	1635494865.953	<id:c8>	<id:o8>	7	1	NA
jr88i8u7tnd14f1s5e3jb1jjb1	1635494893.1	<id:c6>	<id:o6>	7	1	NA
jr88i8u7tnd14f1s5e3jb1jjb1	1635494918.2306	<id:c9>	<id:o9>	7	1	NA
jr88i8u7tnd14f1s5e3jb1jjb1	1635494938.8994	<id:c7>	<id:o7>	7	1	NA
jr88i8u7tnd14f1s5e3jb1jjb1	1635494963.7213	<id:c12>	<id:o12>	7	1	NA
jr88i8u7tnd14f1s5e3jb1jjb1	1635494987.6037	<id:c2>	<id:o2>	7	1	NA
jr88i8u7tnd14f1s5e3jb1jjb1	1635495104.7427	<id:c10>	<id:o10>	6	2	Por supuesto, vamos a intentar hacer nuestro trabajo lo más rápidamente posible 
mo8uqfol490pmfiku0sb6mmb07	1635503392.759	<id:c12>	<id:o12>	7	1	NA
mo8uqfol490pmfiku0sb6mmb07	1635503428.5096	<id:c10>	<id:o10>	5	2	Sin el “de”
mo8uqfol490pmfiku0sb6mmb07	1635503446.9762	<id:c11>	<id:o11>	5	2	Sin el “de”
mo8uqfol490pmfiku0sb6mmb07	1635503465.6211	<id:c5>	<id:o5>	5	2	Lo que más nos preocupa
mo8uqfol490pmfiku0sb6mmb07	1635503480.3872	<id:c7>	<id:o7>	7	1	NA
mo8uqfol490pmfiku0sb6mmb07	1635503493.9854	<id:c8>	<id:o8>	7	1	NA
mo8uqfol490pmfiku0sb6mmb07	1635503510.8422	<id:c1>	<id:o1>	6	2	NA
mo8uqfol490pmfiku0sb6mmb07	1635503528.5131	<id:c6>	<id:o6>	7	1	NA
mo8uqfol490pmfiku0sb6mmb07	1635503544.7862	<id:c2>	<id:o2>	4	3	NA
mo8uqfol490pmfiku0sb6mmb07	1635503564.1349	<id:c3>	<id:o3>	5	2	NA
mo8uqfol490pmfiku0sb6mmb07	1635503582.3355	<id:c4>	<id:o4>	7	1	NA
mo8uqfol490pmfiku0sb6mmb07	1635503593.9501	<id:c9>	<id:o9>	7	1	NA
74b9o6n7ut9q4dhhueb1ob3f14	1635535272.3485	<id:c8>	<id:o8>	5	2	Cuando tu hijo tiene un problema de salud, el dinero pasa a un segundo plano
74b9o6n7ut9q4dhhueb1ob3f14	1635535335.9911	<id:c6>	<id:o6>	5	2	NA
74b9o6n7ut9q4dhhueb1ob3f14	1635535384.4783	<id:c3>	<id:o3>	2	2	NA
74b9o6n7ut9q4dhhueb1ob3f14	1635535477.5364	<id:c2>	<id:o2>	3	2	Cuanta más relevancia adquiere Vox en el pulso político, mayor es la beligerancia ante el partido
74b9o6n7ut9q4dhhueb1ob3f14	1635535489.2151	<id:c4>	<id:o4>	7	1	NA
74b9o6n7ut9q4dhhueb1ob3f14	1635535576.5994	<id:c5>	<id:o5>	3	2	NA
74b9o6n7ut9q4dhhueb1ob3f14	1635535628.7634	<id:c11>	<id:o11>	4	2	Estoy deseando verle la carita dentro de unas semanas y saber que está sana.
74b9o6n7ut9q4dhhueb1ob3f14	1635535644.899	<id:c12>	<id:o12>	7	1	NA
74b9o6n7ut9q4dhhueb1ob3f14	1635535684.3399	<id:c7>	<id:o7>	6	1	NA
74b9o6n7ut9q4dhhueb1ob3f14	1635535705.733	<id:c9>	<id:o9>	4	2	NA
74b9o6n7ut9q4dhhueb1ob3f14	1635535720.8695	<id:c1>	<id:o1>	3	3	NA
74b9o6n7ut9q4dhhueb1ob3f14	1635535745.1821	<id:c10>	<id:o10>	3	3	NA
lp4fdu1is33hemeugjpljm8kp1	1636032706.1874	<id:c11>	<id:o11>	1	2	Estoy deseando verle la carita dentro de unas semanas y saber que está sano.
lp4fdu1is33hemeugjpljm8kp1	1636032745.715	<id:c9>	<id:o9>	1	2	Por todos estos motivos, he decidido colaborar en esta iniciativa.
lp4fdu1is33hemeugjpljm8kp1	1636032794.8228	<id:c3>	<id:o3>	1	2	Cuando un programa se acerca al prime tima, más tiende a cruzarse la línea roja del infoespectáculo. 
lp4fdu1is33hemeugjpljm8kp1	1636032826.038	<id:c5>	<id:o5>	1	3	De la situación del volcán, lo que más nos preocupa son las personas.
lp4fdu1is33hemeugjpljm8kp1	1636032845.6783	<id:c6>	<id:o6>	7	1	NA
lp4fdu1is33hemeugjpljm8kp1	1636032859.3303	<id:c4>	<id:o4>	7	1	NA
lp4fdu1is33hemeugjpljm8kp1	1636032869.283	<id:c1>	<id:o1>	7	1	NA
lp4fdu1is33hemeugjpljm8kp1	1636032886.1711	<id:c7>	<id:o7>	7	1	NA
lp4fdu1is33hemeugjpljm8kp1	1636032910.0951	<id:c12>	<id:o12>	5	1	NA
lp4fdu1is33hemeugjpljm8kp1	1636032972.7272	<id:c2>	<id:o2>	3	2	Tanto se enfatiza sobre la beligerancia ante Vox, que es cuando Vox recupera el pulso político.
lp4fdu1is33hemeugjpljm8kp1	1636033075.9881	<id:c10>	<id:o10>	2	2	Por supuesto, vamos a intentar hacer nuestro trabajo lo más rápido posible.
lp4fdu1is33hemeugjpljm8kp1	1636033088.664	<id:c8>	<id:o8>	6	1	NA
u1965ha3db62musbhcedhl5016	1636039622.5512	<id:c6>	<id:o6>	7	1	NA
u1965ha3db62musbhcedhl5016	1636039804.2176	<id:c11>	<id:o11>	3	2	Estoy deseando verla la carita pronto y saber que está sana
u1965ha3db62musbhcedhl5016	1636040823.3803	<id:c10>	<id:o10>	3	2	Por supuesto, vamos a intentar hacer nuestro trabajo lo más rápido posible.
u1965ha3db62musbhcedhl5016	1636040830.7699	<id:c12>	<id:o12>	7	1	NA
u1965ha3db62musbhcedhl5016	1636040884.4612	<id:c5>	<id:o5>	3	3	De la situación del volcán, lo que más nos preocupa son las personas.
u1965ha3db62musbhcedhl5016	1636040940.189	<id:c3>	<id:o3>	3	2	Cuanto más se acerca un programa al prime time, más tiende a cruzar la línea roja del infoespectaculo.
u1965ha3db62musbhcedhl5016	1636040969.9502	<id:c9>	<id:o9>	4	2	por estos motivos, he decidido colaborar en esta iniciativa.
u1965ha3db62musbhcedhl5016	1636040979.2621	<id:c1>	<id:o1>	7	1	NA
u1965ha3db62musbhcedhl5016	1636041020.4103	<id:c8>	<id:o8>	6	1	Cuando tu hijo tiene un problema de salud, el dinero es lo que menos importa.
u1965ha3db62musbhcedhl5016	1636041104.9295	<id:c7>	<id:o7>	3	3	En cuanto a las ayudas, está claro que el que no tiene recursos es el que más las necesita.
u1965ha3db62musbhcedhl5016	1636041196.9033	<id:c2>	<id:o2>	4	3	cuánto más se enfatice la beligerancia ante VOX, más recuperará éste el pulso político. 
u1965ha3db62musbhcedhl5016	1636041214.0022	<id:c4>	<id:o4>	7	1	NA
pptu0pamsuobvutueslkqrp3a0	1636295028.2414	<id:c9>	<id:o9>	5	3	 Por todos estos motivos, he decidido colaborar en esta iniciativa. 
pptu0pamsuobvutueslkqrp3a0	1636295125.7063	<id:c1>	<id:o1>	4	3	cuando amaba a más hombres, menos tiempo tenía para admirarlos.
pptu0pamsuobvutueslkqrp3a0	1636295143.1051	<id:c8>	<id:o8>	7	1	NA
pptu0pamsuobvutueslkqrp3a0	1636295194.0711	<id:c10>	<id:o10>	5	3	Por supuesto, vamos a intentar hacer nuestro trabajo lo más rápido posible.
pptu0pamsuobvutueslkqrp3a0	1636295280.9353	<id:c3>	<id:o3>	5	2	Cuando un programa se acerca más al prime time, más se tiende a cruzar la línea roja del infoespectáculo. 
pptu0pamsuobvutueslkqrp3a0	1636295304.4332	<id:c6>	<id:o6>	7	1	NA
pptu0pamsuobvutueslkqrp3a0	1636295357.3918	<id:c4>	<id:o4>	6	2	Cuando peor le van las cosas al Madrid, mejor le van al Atlético.
pptu0pamsuobvutueslkqrp3a0	1636295373.4272	<id:c12>	<id:o12>	7	1	NA
pptu0pamsuobvutueslkqrp3a0	1636295393.9749	<id:c5>	<id:o5>	7	1	NA
pptu0pamsuobvutueslkqrp3a0	1636295455.2352	<id:c7>	<id:o7>	5	2	En cuanto a las ayudas, está claro que el que no tiene recursos es el que más las necesita.
pptu0pamsuobvutueslkqrp3a0	1636295535.8419	<id:c2>	<id:o2>	1	4	Tanto se enfatiza la beligerancia ante Vox que Vox recupera el pulso político.
pptu0pamsuobvutueslkqrp3a0	1636295583.4942	<id:c11>	<id:o11>	6	2	Estoy deseando verle la carita dentro de unas semanas y saber que está sana.
a4ds417tfu1moks5ushc9tb2d4	1636298263.8022	<id:c6>	<id:o6>	7	1	NA
a4ds417tfu1moks5ushc9tb2d4	1636298308.2248	<id:c8>	<id:o8>	7	1	NA
a4ds417tfu1moks5ushc9tb2d4	1636298365.5974	<id:c10>	<id:o10>	4	3	Por supuesto, vamos a intentar hacer nuestro trabajo lo más rápido posible
a4ds417tfu1moks5ushc9tb2d4	1636298386.8079	<id:c4>	<id:o4>	7	1	NA
a4ds417tfu1moks5ushc9tb2d4	1636298457.7885	<id:c5>	<id:o5>	6	2	De la situación del volcán, lo que más nos preocupa son las personas
a4ds417tfu1moks5ushc9tb2d4	1636298527.2491	<id:c3>	<id:o3>	3	3	Cuanto más se acerca un programa al prime time, más tiende a cruzarse la línea roja del infoespectáculo
a4ds417tfu1moks5ushc9tb2d4	1636298572.7995	<id:c9>	<id:o9>	4	2	Por todos estos motivos, he decidido colaborar en esta iniciativa
a4ds417tfu1moks5ushc9tb2d4	1636298600.9292	<id:c2>	<id:o2>	2	4	NA
a4ds417tfu1moks5ushc9tb2d4	1636298613.598	<id:c12>	<id:o12>	7	1	NA
a4ds417tfu1moks5ushc9tb2d4	1636298665.8136	<id:c7>	<id:o7>	5	3	En cuanto a las ayudas, está claro que el que no tiene recursos es el que las necesita más
a4ds417tfu1moks5ushc9tb2d4	1636298704.92	<id:c1>	<id:o1>	7	1	NA
a4ds417tfu1moks5ushc9tb2d4	1636298774.3968	<id:c11>	<id:o11>	5	2	Estoy deseando verle la carita dentro de unas semanas y saber que está sana
vsl54mg2sujibeukds73gec163	1636300166.4985	<id:c10>	<id:o10>	5	2	Por supuesto, vamos a intentar  hacer nuestro trabajo lo más rápidamente posible
vsl54mg2sujibeukds73gec163	1636300204.9642	<id:c6>	<id:o6>	7	1	NA
vsl54mg2sujibeukds73gec163	1636300362.1223	<id:c8>	<id:o8>	6	1	Cuando tú hijo tiene un problema de salud,el dinero es lo de menos.
vsl54mg2sujibeukds73gec163	1636300467.8147	<id:c3>	<id:o3>	1	4	NA
vsl54mg2sujibeukds73gec163	1636300505.6386	<id:c12>	<id:o12>	7	1	NA
vsl54mg2sujibeukds73gec163	1636300702.9165	<id:c4>	<id:o4>	6	2	El Madrid está haciendo mal las cosas, al contrario que al Atlético. contrario de
vsl54mg2sujibeukds73gec163	1636300885.694	<id:c11>	<id:o11>	6	2	Estoy deseando que pasen estas semanas y verle la carita, y saber que está sana. .
vsl54mg2sujibeukds73gec163	1636301004.6653	<id:c1>	<id:o1>	5	3	Cuantos más hombres amaba menos tiempo tenía para admirarlos
vsl54mg2sujibeukds73gec163	1636301398.29	<id:c2>	<id:o2>	4	3	Cuanto más se enfatiza la beligerancia contra Vox, más recupera este el pulso político
vsl54mg2sujibeukds73gec163	1636301487.078	<id:c5>	<id:o5>	5	2	De la situación del volcán,lo que más nos preocupa son las personas.
vsl54mg2sujibeukds73gec163	1636301523.4961	<id:c7>	<id:o7>	7	1	NA
vsl54mg2sujibeukds73gec163	1636301623.3272	<id:c9>	<id:o9>	5	2	Por todos estos motivos,he decidido colaborar en esta iniciativa
j866jaeg8pcl2qfm28iffn0os0	1636302205.0589	<id:c12>	<id:o12>	7	1	NA
j866jaeg8pcl2qfm28iffn0os0	1636302267.5523	<id:c8>	<id:o8>	6	1	NA
j866jaeg8pcl2qfm28iffn0os0	1636302310.0391	<id:c6>	<id:o6>	6	1	NA
j866jaeg8pcl2qfm28iffn0os0	1636302336.2354	<id:c7>	<id:o7>	7	1	NA
j866jaeg8pcl2qfm28iffn0os0	1636302463.949	<id:c3>	<id:o3>	2	3	Cuanto más se acerca un programa al prime time, más tiende a cruzar la línea del infoespectáculo.
j866jaeg8pcl2qfm28iffn0os0	1636302497.7086	<id:c2>	<id:o2>	1	4	NA
j866jaeg8pcl2qfm28iffn0os0	1636302550.4082	<id:c5>	<id:o5>	4	3	De la situación del volcán, lo que más nos precupa son las personas.
j866jaeg8pcl2qfm28iffn0os0	1636302608.6542	<id:c9>	<id:o9>	3	3	Por todos estos motivos, he decidido colaborar en esta iniciativa.
j866jaeg8pcl2qfm28iffn0os0	1636302672.8678	<id:c11>	<id:o11>	3	3	Estoy deseando verle la carita dentro de unas semanas y saber que está sana.
j866jaeg8pcl2qfm28iffn0os0	1636302701.6731	<id:c4>	<id:o4>	7	1	NA
j866jaeg8pcl2qfm28iffn0os0	1636302758.5596	<id:c10>	<id:o10>	3	3	Por supuesto, vamos a intentar hacer nuestro trabajo lo más rápido posible.
j866jaeg8pcl2qfm28iffn0os0	1636302831.9288	<id:c1>	<id:o1>	2	4	Cuantos más hombres amaba, menos tiempo tenia para admirarlos.
99ljed1vj04rn4uarm2ih5aij5	1636303477.3367	<id:c10>	<id:o10>	6	2	Intentar hacer
99ljed1vj04rn4uarm2ih5aij5	1636303531.2955	<id:c5>	<id:o5>	7	1	NA
99ljed1vj04rn4uarm2ih5aij5	1636303577.7047	<id:c7>	<id:o7>	5	2	El que más 
99ljed1vj04rn4uarm2ih5aij5	1636303606.4969	<id:c8>	<id:o8>	7	1	NA
99ljed1vj04rn4uarm2ih5aij5	1636303636.4033	<id:c4>	<id:o4>	7	1	NA
99ljed1vj04rn4uarm2ih5aij5	1636303670.7494	<id:c11>	<id:o11>	5	2	Deseando verle 
99ljed1vj04rn4uarm2ih5aij5	1636303699.6016	<id:c9>	<id:o9>	5	2	Decidido colaborar 
99ljed1vj04rn4uarm2ih5aij5	1636303773.0871	<id:c3>	<id:o3>	4	3	Cuanto más se acerca un programa 
99ljed1vj04rn4uarm2ih5aij5	1636303825.2614	<id:c2>	<id:o2>	1	4	NA
99ljed1vj04rn4uarm2ih5aij5	1636304611.251	<id:c6>	<id:o6>	6	2	Es quien 
99ljed1vj04rn4uarm2ih5aij5	1636304646.2282	<id:c1>	<id:o1>	4	3	Cuantos más 
99ljed1vj04rn4uarm2ih5aij5	1636304664.7991	<id:c12>	<id:o12>	7	1	NA
vop3gnhm5o8bbs0mhemvtc7dc3	1636306502.288	<id:c12>	<id:o12>	7	1	NA
vop3gnhm5o8bbs0mhemvtc7dc3	1636306511.3002	<id:c4>	<id:o4>	7	1	NA
vop3gnhm5o8bbs0mhemvtc7dc3	1636306528.7903	<id:c10>	<id:o10>	4	2	NA
vop3gnhm5o8bbs0mhemvtc7dc3	1636306539.2486	<id:c8>	<id:o8>	7	1	NA
vop3gnhm5o8bbs0mhemvtc7dc3	1636306555.4732	<id:c1>	<id:o1>	5	2	NA
vop3gnhm5o8bbs0mhemvtc7dc3	1636306565.8085	<id:c5>	<id:o5>	5	2	NA
vop3gnhm5o8bbs0mhemvtc7dc3	1636306578.3152	<id:c9>	<id:o9>	4	3	NA
vop3gnhm5o8bbs0mhemvtc7dc3	1636306593.5673	<id:c11>	<id:o11>	6	1	NA
vop3gnhm5o8bbs0mhemvtc7dc3	1636306600.3772	<id:c6>	<id:o6>	7	1	NA
vop3gnhm5o8bbs0mhemvtc7dc3	1636306617.2719	<id:c3>	<id:o3>	5	2	NA
vop3gnhm5o8bbs0mhemvtc7dc3	1636306637.0096	<id:c7>	<id:o7>	4	3	NA
vop3gnhm5o8bbs0mhemvtc7dc3	1636306652.422	<id:c2>	<id:o2>	5	2	NA
7693ua7m1jnkimt2h77u5m86b0	1636388872.0817	<id:c11>	<id:o11>	7	2	NA
7693ua7m1jnkimt2h77u5m86b0	1636388906.1709	<id:c8>	<id:o8>	6	1	NA
7693ua7m1jnkimt2h77u5m86b0	1636388946.5882	<id:c6>	<id:o6>	6	1	NA
7693ua7m1jnkimt2h77u5m86b0	1636389136.9982	<id:c2>	<id:o2>	2	4	Cuanto más se enfatiza la beligerancia hacia Vox, más recuperan su pulso político.
7693ua7m1jnkimt2h77u5m86b0	1636389232.2181	<id:c5>	<id:o5>	5	2	Se la situación provocada por el volcán, lo que más me preocupa es cómo afecta a las personas.
7693ua7m1jnkimt2h77u5m86b0	1636389266.8832	<id:c10>	<id:o10>	7	1	NA
7693ua7m1jnkimt2h77u5m86b0	1636389298.9789	<id:c3>	<id:o3>	4	3	NA
7693ua7m1jnkimt2h77u5m86b0	1636389327.7572	<id:c12>	<id:o12>	7	1	NA
7693ua7m1jnkimt2h77u5m86b0	1636389365.981	<id:c9>	<id:o9>	4	2	NA
7693ua7m1jnkimt2h77u5m86b0	1636389400.4286	<id:c4>	<id:o4>	6	1	NA
7693ua7m1jnkimt2h77u5m86b0	1636389447.4637	<id:c1>	<id:o1>	4	3	NA
7693ua7m1jnkimt2h77u5m86b0	1636389523.1833	<id:c7>	<id:o7>	3	3	...es el que más las necesita.
a66osiiofl4g4gc9595th382m5	1636391156.5565	<id:c12>	<id:o12>	7	1	NA
a66osiiofl4g4gc9595th382m5	1636391173.9238	<id:c5>	<id:o5>	3	2	NA
a66osiiofl4g4gc9595th382m5	1636391190.0014	<id:c10>	<id:o10>	7	1	NA
a66osiiofl4g4gc9595th382m5	1636391209.2073	<id:c6>	<id:o6>	7	1	NA
a66osiiofl4g4gc9595th382m5	1636391241.6786	<id:c9>	<id:o9>	4	3	NA
a66osiiofl4g4gc9595th382m5	1636391260.7512	<id:c3>	<id:o3>	4	2	NA
a66osiiofl4g4gc9595th382m5	1636391274.8102	<id:c8>	<id:o8>	7	1	NA
a66osiiofl4g4gc9595th382m5	1636391292.2051	<id:c2>	<id:o2>	5	2	NA
a66osiiofl4g4gc9595th382m5	1636391310.1236	<id:c11>	<id:o11>	7	1	NA
a66osiiofl4g4gc9595th382m5	1636391323.1394	<id:c1>	<id:o1>	7	2	NA
a66osiiofl4g4gc9595th382m5	1636391340.0857	<id:c7>	<id:o7>	7	1	NA
a66osiiofl4g4gc9595th382m5	1636391350.9391	<id:c4>	<id:o4>	7	1	NA
3thve7cs4j4qvr59graqq2hv97	1636808562.9039	<id:c3>	<id:o3>	5	2	Cuanto más se acerca un programa al prime time, más tiende a cruzarse la línea roja del infoespectáculo
3thve7cs4j4qvr59graqq2hv97	1636808579.1966	<id:c6>	<id:o6>	7	1	NA
3thve7cs4j4qvr59graqq2hv97	1636808594.5915	<id:c5>	<id:o5>	6	1	NA
3thve7cs4j4qvr59graqq2hv97	1636808608.4034	<id:c9>	<id:o9>	7	1	NA
3thve7cs4j4qvr59graqq2hv97	1636808643.9722	<id:c7>	<id:o7>	2	3	En cuanto a las ayudas, está claro que el que no tiene recursos es el que más las necesita
3thve7cs4j4qvr59graqq2hv97	1636808662.7939	<id:c10>	<id:o10>	2	3	Por supuesto, vamos a intentar hacer nuestro trabajo lo más rápido posible
3thve7cs4j4qvr59graqq2hv97	1636808684.295	<id:c11>	<id:o11>	2	2	Estoy deseando verle la carita dentro de unas semanas y saber que está sana
3thve7cs4j4qvr59graqq2hv97	1636808694.0502	<id:c4>	<id:o4>	7	1	NA
3thve7cs4j4qvr59graqq2hv97	1636808703.8483	<id:c12>	<id:o12>	7	1	NA
3thve7cs4j4qvr59graqq2hv97	1636808713.452	<id:c8>	<id:o8>	7	1	NA
3thve7cs4j4qvr59graqq2hv97	1636808854.6503	<id:c1>	<id:o1>	6	1	Tal vez diría: Cuantos más hombres amaba, menos tiempo tenía para admirarlos
3thve7cs4j4qvr59graqq2hv97	1636808890.1974	<id:c2>	<id:o2>	1	4	NA
qab7kpor6pjih5c0b8v89r0s47	1636811370.6653	<id:c8>	<id:o8>	7	1	NA
qab7kpor6pjih5c0b8v89r0s47	1636811492.9262	<id:c2>	<id:o2>	1	4	Cuanto más se enfatiza la beligerancia ante Vox, más recupera Vox pulso político.
qab7kpor6pjih5c0b8v89r0s47	1636811518.1222	<id:c4>	<id:o4>	7	1	NA
qab7kpor6pjih5c0b8v89r0s47	1636811569.7548	<id:c11>	<id:o11>	4	2	Estoy deseando verle la carita dentro de unas semanas y saber que está sana
qab7kpor6pjih5c0b8v89r0s47	1636811587.9134	<id:c6>	<id:o6>	7	1	NA
qab7kpor6pjih5c0b8v89r0s47	1636811659.3169	<id:c5>	<id:o5>	5	2	De la situación del volcán, lo que más nos preocupa son las personas.
qab7kpor6pjih5c0b8v89r0s47	1636811707.82	<id:c9>	<id:o9>	2	2	Por todos estos motivos, he decidido colaborar en esta iniciativa.
qab7kpor6pjih5c0b8v89r0s47	1636811776.5127	<id:c7>	<id:o7>	4	2	En cuanto a las ayudas, está claro que el que no tiene recursos es el que más las necesita
qab7kpor6pjih5c0b8v89r0s47	1636811837.3118	<id:c10>	<id:o10>	4	2	Por supuesto, vamos a intentar hacer nuestro trabajo lo más rápido posible.
qab7kpor6pjih5c0b8v89r0s47	1636811885.3129	<id:c1>	<id:o1>	6	2	Cuanto más hombres amaba, menos tiempo tenía para admirarlos.
qab7kpor6pjih5c0b8v89r0s47	1636811898.8077	<id:c12>	<id:o12>	7	1	NA
qab7kpor6pjih5c0b8v89r0s47	1636812021.5061	<id:c3>	<id:o3>	4	2	Cuanto más se acerca un programa al prime time, más tiende a cruzar la línea roja del infoespectáculo
3ugt4b6an2489a0jq5l3j5m9n2	1635342155.655	<id:c16>	<id:o16>	5	2	Cuanto peor le van las cosas al Madrid, mejor le van al Atlético
3ugt4b6an2489a0jq5l3j5m9n2	1635342177.5606	<id:c19>	<id:o19>	7	1	NA
3ugt4b6an2489a0jq5l3j5m9n2	1635342209.3549	<id:c21>	<id:o21>	6	1	NA
3ugt4b6an2489a0jq5l3j5m9n2	1635342224.7156	<id:c17>	<id:o17>	7	1	NA
3ugt4b6an2489a0jq5l3j5m9n2	1635342280.9913	<id:c18>	<id:o18>	5	2	Mi abuelo es el que mejor puede explicarte cómo se hacía antiguamente 
3ugt4b6an2489a0jq5l3j5m9n2	1635342315.1321	<id:c23>	<id:o23>	7	1	NA
3ugt4b6an2489a0jq5l3j5m9n2	1635342334.7056	<id:c15>	<id:o15>	4	3	NA
3ugt4b6an2489a0jq5l3j5m9n2	1635342353.9701	<id:c13>	<id:o13>	6	2	NA
3ugt4b6an2489a0jq5l3j5m9n2	1635342403.7585	<id:c22>	<id:o22>	2	3	Por supuesto, vamos a intentar hacer nuestro trabajo lo más rápido posible
3ugt4b6an2489a0jq5l3j5m9n2	1635342475.4389	<id:c14>	<id:o14>	3	2	Cuanto más se enfatiza la beligerancia ante vox, mayor pulso político recupera 
3ugt4b6an2489a0jq5l3j5m9n2	1635342534.7514	<id:c24>	<id:o24>	5	2	Lo que tu necesitas es alguien que te haga reír y te trate bien 
3ugt4b6an2489a0jq5l3j5m9n2	1635342567.9637	<id:c20>	<id:o20>	6	2	Cuando tu hijo tiene un problema de salud, el dinero es lo que menos te importa
7ib4pbhkp3tt22cvhcsj59bdp1	1635343396.7249	<id:c18>	<id:o18>	7	1	NA
7ib4pbhkp3tt22cvhcsj59bdp1	1635343405.8523	<id:c13>	<id:o13>	7	1	NA
7ib4pbhkp3tt22cvhcsj59bdp1	1635343417.0719	<id:c23>	<id:o23>	7	1	NA
7ib4pbhkp3tt22cvhcsj59bdp1	1635343435.7665	<id:c15>	<id:o15>	7	2	NA
7ib4pbhkp3tt22cvhcsj59bdp1	1635343443.8538	<id:c20>	<id:o20>	7	1	NA
7ib4pbhkp3tt22cvhcsj59bdp1	1635343464.9723	<id:c14>	<id:o14>	4	3	NA
7ib4pbhkp3tt22cvhcsj59bdp1	1635343474.4739	<id:c19>	<id:o19>	7	1	NA
7ib4pbhkp3tt22cvhcsj59bdp1	1635343482.1533	<id:c21>	<id:o21>	7	1	NA
7ib4pbhkp3tt22cvhcsj59bdp1	1635343489.5202	<id:c22>	<id:o22>	7	1	NA
7ib4pbhkp3tt22cvhcsj59bdp1	1635343508.5853	<id:c16>	<id:o16>	5	2	NA
7ib4pbhkp3tt22cvhcsj59bdp1	1635343515.2026	<id:c24>	<id:o24>	7	1	NA
7ib4pbhkp3tt22cvhcsj59bdp1	1635343522.5579	<id:c17>	<id:o17>	7	1	NA
c7gubd8mbqnekash8387do1271	1635344431.4457	<id:c21>	<id:o21>	7	1	NA
c7gubd8mbqnekash8387do1271	1635344464.4551	<id:c15>	<id:o15>	6	1	A la linea?
c7gubd8mbqnekash8387do1271	1635344494.5551	<id:c22>	<id:o22>	4	2	Sin el “de”
c7gubd8mbqnekash8387do1271	1635344512.5646	<id:c24>	<id:o24>	6	1	Y que te trate
c7gubd8mbqnekash8387do1271	1635344533.6082	<id:c17>	<id:o17>	6	1	NA
c7gubd8mbqnekash8387do1271	1635344566.9712	<id:c14>	<id:o14>	7	1	Como / tanto
c7gubd8mbqnekash8387do1271	1635344592.181	<id:c23>	<id:o23>	7	1	Si esta sana
c7gubd8mbqnekash8387do1271	1635344612.3265	<id:c16>	<id:o16>	3	4	NA
c7gubd8mbqnekash8387do1271	1635344630.1611	<id:c20>	<id:o20>	6	1	Sin el te
c7gubd8mbqnekash8387do1271	1635344656.0642	<id:c19>	<id:o19>	4	1	NA
c7gubd8mbqnekash8387do1271	1635344671.1324	<id:c13>	<id:o13>	7	1	NA
c7gubd8mbqnekash8387do1271	1635344705.0324	<id:c18>	<id:o18>	7	2	Es el mejor que podria explicar
csqomnlgrocfcgo7l3at4pm6m1	1635347166.347	<id:c15>	<id:o15>	6	2	Cuando un programa más se acerca
csqomnlgrocfcgo7l3at4pm6m1	1635347219.5076	<id:c23>	<id:o23>	6	2	NA
csqomnlgrocfcgo7l3at4pm6m1	1635347270.4276	<id:c18>	<id:o18>	5	2	Mi abuelo es el que mejor puede
csqomnlgrocfcgo7l3at4pm6m1	1635347309.0034	<id:c19>	<id:o19>	7	1	NA
csqomnlgrocfcgo7l3at4pm6m1	1635347353.4555	<id:c16>	<id:o16>	6	1	NA
csqomnlgrocfcgo7l3at4pm6m1	1635347386.5087	<id:c17>	<id:o17>	6	1	NA
csqomnlgrocfcgo7l3at4pm6m1	1635347413.6701	<id:c22>	<id:o22>	5	2	Vamos a intentar hacer
csqomnlgrocfcgo7l3at4pm6m1	1635347442.5389	<id:c24>	<id:o24>	5	2	Te haga reir
csqomnlgrocfcgo7l3at4pm6m1	1635347484.5977001	<id:c20>	<id:o20>	5	2	El dinero es lo que menos te
csqomnlgrocfcgo7l3at4pm6m1	1635347611.6299	<id:c14>	<id:o14>	5	2	NA
csqomnlgrocfcgo7l3at4pm6m1	1635347641.987	<id:c21>	<id:o21>	1	1	NA
csqomnlgrocfcgo7l3at4pm6m1	1635347686.2986	<id:c13>	<id:o13>	7	1	NA
8gvg8boeakcuqtjkpn2pt5aro2	1635356456.7464	<id:c23>	<id:o23>	7	1	NA
8gvg8boeakcuqtjkpn2pt5aro2	1635356518.7949	<id:c19>	<id:o19>	7	1	NA
8gvg8boeakcuqtjkpn2pt5aro2	1635356557.9629	<id:c20>	<id:o20>	5	2	NA
8gvg8boeakcuqtjkpn2pt5aro2	1635356582.1984	<id:c17>	<id:o17>	7	1	NA
8gvg8boeakcuqtjkpn2pt5aro2	1635356652.407	<id:c14>	<id:o14>	3	3	NA
8gvg8boeakcuqtjkpn2pt5aro2	1635356685.3524	<id:c24>	<id:o24>	4	2	NA
8gvg8boeakcuqtjkpn2pt5aro2	1635356720.8708	<id:c16>	<id:o16>	5	2	NA
8gvg8boeakcuqtjkpn2pt5aro2	1635356743.4718	<id:c21>	<id:o21>	7	1	NA
8gvg8boeakcuqtjkpn2pt5aro2	1635356780.9134	<id:c15>	<id:o15>	6	2	NA
8gvg8boeakcuqtjkpn2pt5aro2	1635356821.4084	<id:c13>	<id:o13>	7	1	NA
8gvg8boeakcuqtjkpn2pt5aro2	1635356849.7972	<id:c22>	<id:o22>	3	2	NA
8gvg8boeakcuqtjkpn2pt5aro2	1635356881.0094	<id:c18>	<id:o18>	5	2	NA
obces47q2ta98d652r0eqbjq13	1635358412.1125	<id:c16>	<id:o16>	2	3	Cuanto peor le van las cosas al Madrid, mejor le van al Atlético 
obces47q2ta98d652r0eqbjq13	1635358424.9367	<id:c21>	<id:o21>	7	1	NA
obces47q2ta98d652r0eqbjq13	1635358474.6836	<id:c19>	<id:o19>	6	1	NA
obces47q2ta98d652r0eqbjq13	1635358536.5598	<id:c14>	<id:o14>	3	2	NA
obces47q2ta98d652r0eqbjq13	1635358549.1446	<id:c23>	<id:o23>	6	1	NA
obces47q2ta98d652r0eqbjq13	1635358561.562	<id:c18>	<id:o18>	6	1	NA
obces47q2ta98d652r0eqbjq13	1635358645.4643	<id:c15>	<id:o15>	5	2	Cuanto más se acerca un programa al prime time.. 
obces47q2ta98d652r0eqbjq13	1635358691.715	<id:c24>	<id:o24>	5	2	Lo que tú necesitas es alguien que te haga reír... 
obces47q2ta98d652r0eqbjq13	1635358710.5344	<id:c22>	<id:o22>	6	2	"Sobra el ""de"" "
obces47q2ta98d652r0eqbjq13	1635358719.0563	<id:c17>	<id:o17>	7	1	NA
obces47q2ta98d652r0eqbjq13	1635358729.2986	<id:c13>	<id:o13>	7	1	NA
obces47q2ta98d652r0eqbjq13	1635358745.4272	<id:c20>	<id:o20>	5	2	NA
tjh7mreq9tjhnlpfsn93gf75h0	1635360948.4267	<id:c24>	<id:o24>	1	3	NA
tjh7mreq9tjhnlpfsn93gf75h0	1635360974.4952	<id:c21>	<id:o21>	5	2	NA
tjh7mreq9tjhnlpfsn93gf75h0	1635360994.4593	<id:c19>	<id:o19>	4	2	NA
tjh7mreq9tjhnlpfsn93gf75h0	1635361010.4976	<id:c22>	<id:o22>	3	2	NA
tjh7mreq9tjhnlpfsn93gf75h0	1635361035.5019	<id:c23>	<id:o23>	6	2	NA
tjh7mreq9tjhnlpfsn93gf75h0	1635361057.6367	<id:c15>	<id:o15>	5	2	NA
tjh7mreq9tjhnlpfsn93gf75h0	1635361075.3442	<id:c17>	<id:o17>	5	2	NA
tjh7mreq9tjhnlpfsn93gf75h0	1635361088.9544	<id:c16>	<id:o16>	5	2	NA
tjh7mreq9tjhnlpfsn93gf75h0	1635361109.422	<id:c13>	<id:o13>	5	2	NA
tjh7mreq9tjhnlpfsn93gf75h0	1635361127.8072	<id:c20>	<id:o20>	6	1	NA
tjh7mreq9tjhnlpfsn93gf75h0	1635361144.3853	<id:c18>	<id:o18>	4	2	NA
tjh7mreq9tjhnlpfsn93gf75h0	1635361155.9007	<id:c14>	<id:o14>	4	3	NA
ki8v2dcd1jhglb2s6h9es2rss7	1635364529.2071	<id:c22>	<id:o22>	1	3	NA
ki8v2dcd1jhglb2s6h9es2rss7	1635364564.648	<id:c17>	<id:o17>	7	1	NA
ki8v2dcd1jhglb2s6h9es2rss7	1635364596.0123	<id:c18>	<id:o18>	3	2	NA
ki8v2dcd1jhglb2s6h9es2rss7	1635364632.133	<id:c13>	<id:o13>	5	2	NA
ki8v2dcd1jhglb2s6h9es2rss7	1635364660.3149	<id:c16>	<id:o16>	3	3	NA
ki8v2dcd1jhglb2s6h9es2rss7	1635364689.3789	<id:c21>	<id:o21>	6	1	NA
ki8v2dcd1jhglb2s6h9es2rss7	1635364717.7844	<id:c15>	<id:o15>	1	4	NA
ki8v2dcd1jhglb2s6h9es2rss7	1635364756.5628	<id:c19>	<id:o19>	2	2	NA
ki8v2dcd1jhglb2s6h9es2rss7	1635364790.3107	<id:c20>	<id:o20>	3	3	NA
ki8v2dcd1jhglb2s6h9es2rss7	1635364822.9293	<id:c23>	<id:o23>	7	1	NA
ki8v2dcd1jhglb2s6h9es2rss7	1635364845.4453	<id:c24>	<id:o24>	1	2	NA
ki8v2dcd1jhglb2s6h9es2rss7	1635364888.4581	<id:c14>	<id:o14>	1	4	NA
13rnp8g5jqvf13q9b5ibd1hvi0	1635398410.6284	<id:c18>	<id:o18>	1	2	NA
13rnp8g5jqvf13q9b5ibd1hvi0	1635398431.8698	<id:c16>	<id:o16>	2	2	NA
13rnp8g5jqvf13q9b5ibd1hvi0	1635398457.4829	<id:c21>	<id:o21>	6	2	NA
13rnp8g5jqvf13q9b5ibd1hvi0	1635398476.5129	<id:c13>	<id:o13>	6	1	NA
13rnp8g5jqvf13q9b5ibd1hvi0	1635398493.5908	<id:c24>	<id:o24>	2	2	NA
13rnp8g5jqvf13q9b5ibd1hvi0	1635398520.9147	<id:c17>	<id:o17>	3	2	NA
13rnp8g5jqvf13q9b5ibd1hvi0	1635398538.7133	<id:c15>	<id:o15>	1	2	NA
13rnp8g5jqvf13q9b5ibd1hvi0	1635398556.0582	<id:c14>	<id:o14>	1	3	NA
13rnp8g5jqvf13q9b5ibd1hvi0	1635398571.9772	<id:c19>	<id:o19>	4	2	NA
13rnp8g5jqvf13q9b5ibd1hvi0	1635398587.063	<id:c22>	<id:o22>	1	2	NA
13rnp8g5jqvf13q9b5ibd1hvi0	1635398617.4348	<id:c23>	<id:o23>	7	1	NA
13rnp8g5jqvf13q9b5ibd1hvi0	1635398631.3639	<id:c20>	<id:o20>	2	2	NA
7jbq04nfo4kna78e0melnq3qg0	1635493861.9087	<id:c20>	<id:o20>	6	2	Lo que menos
7jbq04nfo4kna78e0melnq3qg0	1635494154.3385	<id:c13>	<id:o13>	7	2	NA
7jbq04nfo4kna78e0melnq3qg0	1635494199.3918	<id:c14>	<id:o14>	5	2	Tanto… cuanto
7jbq04nfo4kna78e0melnq3qg0	1635494244.9082	<id:c18>	<id:o18>	6	2	El que mejor
7jbq04nfo4kna78e0melnq3qg0	1635494370.4462	<id:c15>	<id:o15>	6	2	Cuanto más se acerca
7jbq04nfo4kna78e0melnq3qg0	1635494461.7112	<id:c19>	<id:o19>	7	1	NA
7jbq04nfo4kna78e0melnq3qg0	1635494520.475	<id:c16>	<id:o16>	5	2	Usaría mejor que o peor que.
7jbq04nfo4kna78e0melnq3qg0	1635494584.6601	<id:c24>	<id:o24>	4	2	Es el peor defecto de las personas de habla catalana
7jbq04nfo4kna78e0melnq3qg0	1635494664.8051	<id:c23>	<id:o23>	6	2	NA
7jbq04nfo4kna78e0melnq3qg0	1635494742.206	<id:c22>	<id:o22>	4	2	Tratar de o intentar hacer
7jbq04nfo4kna78e0melnq3qg0	1635494887.8876	<id:c17>	<id:o17>	6	2	Consecuencias vs. situación 
7jbq04nfo4kna78e0melnq3qg0	1635494937.715	<id:c21>	<id:o21>	6	2	Colaborar con
73bnvnd2s37aq8f53sas2e9ti5	1635508564.2789	<id:c21>	<id:o21>	7	1	NA
73bnvnd2s37aq8f53sas2e9ti5	1635508608.7246	<id:c22>	<id:o22>	3	2	Por supuesto, vamos a intentar hacer nuestro trabajo lo más rápidamente posible.
73bnvnd2s37aq8f53sas2e9ti5	1635508633.6494	<id:c24>	<id:o24>	4	2	Lo que tú necesitas es alguien que te haga reír y te trate bien.
73bnvnd2s37aq8f53sas2e9ti5	1635508675.5248	<id:c20>	<id:o20>	5	3	Cuando tu hijo tiene un problema de salud, el dinero es lo que menos te importa.
73bnvnd2s37aq8f53sas2e9ti5	1635508723.5845	<id:c17>	<id:o17>	7	1	NA
73bnvnd2s37aq8f53sas2e9ti5	1635508798.3186	<id:c15>	<id:o15>	5	2	Cuanto más se acerca un programa al prime time, más tiende a cruzar la línea roja del infoespectáculo.
73bnvnd2s37aq8f53sas2e9ti5	1635508815.3706	<id:c23>	<id:o23>	7	1	NA
73bnvnd2s37aq8f53sas2e9ti5	1635508851.2457	<id:c16>	<id:o16>	6	3	Cuanto peor le van las cosas al Madrid, mejor le van al Atlético.
73bnvnd2s37aq8f53sas2e9ti5	1635508884.3032	<id:c18>	<id:o18>	4	3	Mi abuelo es el que mejor puede explicarte cómo se hacía antiguamente.
73bnvnd2s37aq8f53sas2e9ti5	1635508905.8355	<id:c19>	<id:o19>	7	1	NA
73bnvnd2s37aq8f53sas2e9ti5	1635509001.7126	<id:c14>	<id:o14>	5	3	NA
73bnvnd2s37aq8f53sas2e9ti5	1635509017.0361	<id:c13>	<id:o13>	7	1	NA
diluit6shkdaoq5gedc3naaun6	1636026234.6018	<id:c21>	<id:o21>	7	1	NA
diluit6shkdaoq5gedc3naaun6	1636026241.9305	<id:c24>	<id:o24>	7	1	NA
diluit6shkdaoq5gedc3naaun6	1636026255.9383	<id:c15>	<id:o15>	3	2	NA
diluit6shkdaoq5gedc3naaun6	1636026265.1495	<id:c16>	<id:o16>	7	1	NA
diluit6shkdaoq5gedc3naaun6	1636026274.0206	<id:c13>	<id:o13>	7	1	NA
diluit6shkdaoq5gedc3naaun6	1636026283.908	<id:c18>	<id:o18>	1	3	NA
diluit6shkdaoq5gedc3naaun6	1636026292.8821	<id:c17>	<id:o17>	7	1	NA
diluit6shkdaoq5gedc3naaun6	1636026303.0011	<id:c22>	<id:o22>	1	3	NA
diluit6shkdaoq5gedc3naaun6	1636026309.4812	<id:c20>	<id:o20>	7	1	NA
diluit6shkdaoq5gedc3naaun6	1636026322.0217	<id:c14>	<id:o14>	3	2	NA
diluit6shkdaoq5gedc3naaun6	1636026329.1397	<id:c23>	<id:o23>	7	1	NA
diluit6shkdaoq5gedc3naaun6	1636026357.8974	<id:c19>	<id:o19>	7	1	NA
speptbn5904ctmbhlrjfla61v2	1636058146.7951	<id:c14>	<id:o14>	4	2	Tanto se enfatiza la beligerancia ante Vox, como Vox recupera pulso político
speptbn5904ctmbhlrjfla61v2	1636058269.4237	<id:c15>	<id:o15>	5	2	Cuanto más se acerca un programa al prime time, más tiende a cruzarse la línea roja del infoespectáculo
speptbn5904ctmbhlrjfla61v2	1636058292.2264	<id:c19>	<id:o19>	7	1	NA
speptbn5904ctmbhlrjfla61v2	1636058352.9874	<id:c22>	<id:o22>	4	3	Por supuesto, vamos a intentar hacer nuestro trabajo lo más rápido posible 
speptbn5904ctmbhlrjfla61v2	1636058426.2858	<id:c18>	<id:o18>	5	3	Mi abuelo es quien puede explicarte mejor cómo se hacía antiguamente 
speptbn5904ctmbhlrjfla61v2	1636058512.5542	<id:c16>	<id:o16>	6	2	Cuanto peor le van las cosas al Madrid, mejor le van al  Atlético
speptbn5904ctmbhlrjfla61v2	1636058525.7058	<id:c24>	<id:o24>	7	1	NA
speptbn5904ctmbhlrjfla61v2	1636058540.8021	<id:c21>	<id:o21>	7	1	NA
speptbn5904ctmbhlrjfla61v2	1636058557.4996	<id:c13>	<id:o13>	7	1	NA
speptbn5904ctmbhlrjfla61v2	1636058574.0799	<id:c17>	<id:o17>	7	1	NA
speptbn5904ctmbhlrjfla61v2	1636058586.1898	<id:c23>	<id:o23>	7	1	NA
speptbn5904ctmbhlrjfla61v2	1636058650.4975	<id:c20>	<id:o20>	6	2	Cuando tu hijo tiene un problema de salud, el dinero es lo que menos te importa 
hlp19lpn5uqqjtg3g2s7kkc442	1636286396.2459	<id:c13>	<id:o13>	7	1	NA
hlp19lpn5uqqjtg3g2s7kkc442	1636286473.2914	<id:c22>	<id:o22>	7	1	NA
hlp19lpn5uqqjtg3g2s7kkc442	1636286549.1258	<id:c18>	<id:o18>	5	3	Mi abuelo es el mejor para explicarte
hlp19lpn5uqqjtg3g2s7kkc442	1636286610.6384	<id:c20>	<id:o20>	5	3	el dinero es lo que menos te importa
hlp19lpn5uqqjtg3g2s7kkc442	1636286663.4134	<id:c15>	<id:o15>	6	2	NA
hlp19lpn5uqqjtg3g2s7kkc442	1636286677.0763	<id:c24>	<id:o24>	7	1	NA
hlp19lpn5uqqjtg3g2s7kkc442	1636286693.7961	<id:c14>	<id:o14>	7	1	NA
hlp19lpn5uqqjtg3g2s7kkc442	1636286703.2315	<id:c23>	<id:o23>	7	1	NA
hlp19lpn5uqqjtg3g2s7kkc442	1636286712.8337	<id:c17>	<id:o17>	7	1	NA
hlp19lpn5uqqjtg3g2s7kkc442	1636286722.037	<id:c21>	<id:o21>	7	1	NA
hlp19lpn5uqqjtg3g2s7kkc442	1636286735.7978	<id:c16>	<id:o16>	7	1	NA
hlp19lpn5uqqjtg3g2s7kkc442	1636286750.824	<id:c19>	<id:o19>	7	1	NA
nk2lb3ep85ak6ndoiau5s2h0q5	1636289586.0263	<id:c21>	<id:o21>	7	1	NA
nk2lb3ep85ak6ndoiau5s2h0q5	1636289652.1332	<id:c16>	<id:o16>	5	2	Peor le van las cosas el Madrid en comparación con el Atlético
nk2lb3ep85ak6ndoiau5s2h0q5	1636289746.8105	<id:c14>	<id:o14>	5	2	Tanto se enfatiza la beligerancia ane VOX, que está recuperando en el pulso polític
nk2lb3ep85ak6ndoiau5s2h0q5	1636289756.5284	<id:c17>	<id:o17>	7	1	NA
nk2lb3ep85ak6ndoiau5s2h0q5	1636289796.4779	<id:c20>	<id:o20>	6	2	Cuando tubhijo tiene un problema de salud, el dinero es lo que menos te preocupa
nk2lb3ep85ak6ndoiau5s2h0q5	1636289858.4225	<id:c15>	<id:o15>	6	2	Cuanto mas se acerca un programa al prime time, más tiende a cruzarse la linea roja del infoespetáculo
nk2lb3ep85ak6ndoiau5s2h0q5	1636289904.5218	<id:c18>	<id:o18>	5	2	Mi abuelo es el que mejor te puede explicar cómo se hacía antiguamente
nk2lb3ep85ak6ndoiau5s2h0q5	1636289914.0241	<id:c24>	<id:o24>	7	1	NA
nk2lb3ep85ak6ndoiau5s2h0q5	1636289951.1092	<id:c22>	<id:o22>	5	2	Por supuesto, vamos a intentar hacer nuestro trabajo lo más rápido posible
nk2lb3ep85ak6ndoiau5s2h0q5	1636289963.5387	<id:c19>	<id:o19>	7	1	NA
nk2lb3ep85ak6ndoiau5s2h0q5	1636289972.2685	<id:c23>	<id:o23>	7	1	NA
nk2lb3ep85ak6ndoiau5s2h0q5	1636289982.9517	<id:c13>	<id:o13>	7	1	NA
d57b7fb8pglpldssesu15g2fs6	1636301858.5996	<id:c16>	<id:o16>	4	2	NA
d57b7fb8pglpldssesu15g2fs6	1636301884.5248	<id:c20>	<id:o20>	6	2	NA
d57b7fb8pglpldssesu15g2fs6	1636301898.9715	<id:c21>	<id:o21>	7	1	NA
d57b7fb8pglpldssesu15g2fs6	1636301915.5157	<id:c19>	<id:o19>	7	1	NA
d57b7fb8pglpldssesu15g2fs6	1636301928.4465	<id:c17>	<id:o17>	7	1	NA
d57b7fb8pglpldssesu15g2fs6	1636301949.4743	<id:c14>	<id:o14>	1	4	NA
d57b7fb8pglpldssesu15g2fs6	1636301962.0909	<id:c24>	<id:o24>	7	2	NA
d57b7fb8pglpldssesu15g2fs6	1636301992.3593	<id:c22>	<id:o22>	6	2	NA
d57b7fb8pglpldssesu15g2fs6	1636302004.0962	<id:c23>	<id:o23>	7	1	NA
d57b7fb8pglpldssesu15g2fs6	1636302014.1488	<id:c18>	<id:o18>	7	1	NA
d57b7fb8pglpldssesu15g2fs6	1636302031.5967	<id:c13>	<id:o13>	7	1	NA
d57b7fb8pglpldssesu15g2fs6	1636302054.3772	<id:c15>	<id:o15>	1	3	NA
g3vjeinukuh8d8mjqbgcr4er75	1636303793.6998	<id:c24>	<id:o24>	7	1	NA
g3vjeinukuh8d8mjqbgcr4er75	1636303813.0623	<id:c18>	<id:o18>	6	1	NA
g3vjeinukuh8d8mjqbgcr4er75	1636303834.2246	<id:c23>	<id:o23>	7	1	NA
g3vjeinukuh8d8mjqbgcr4er75	1636303853.1056	<id:c16>	<id:o16>	6	2	NA
g3vjeinukuh8d8mjqbgcr4er75	1636303870.0555	<id:c13>	<id:o13>	6	2	NA
g3vjeinukuh8d8mjqbgcr4er75	1636303886.7285	<id:c17>	<id:o17>	7	1	NA
g3vjeinukuh8d8mjqbgcr4er75	1636303910.4064	<id:c14>	<id:o14>	5	2	NA
g3vjeinukuh8d8mjqbgcr4er75	1636303934.2067	<id:c15>	<id:o15>	5	2	NA
g3vjeinukuh8d8mjqbgcr4er75	1636303950.2716	<id:c19>	<id:o19>	6	1	NA
g3vjeinukuh8d8mjqbgcr4er75	1636303968.6214	<id:c21>	<id:o21>	7	1	NA
g3vjeinukuh8d8mjqbgcr4er75	1636303983.9447	<id:c22>	<id:o22>	7	1	NA
g3vjeinukuh8d8mjqbgcr4er75	1636303993.5446	<id:c20>	<id:o20>	7	1	NA
7l4mg0mcvf9faq89cqg34v5uu3	1636311177.0502	<id:c20>	<id:o20>	2	2	NA
7l4mg0mcvf9faq89cqg34v5uu3	1636311211.0075	<id:c23>	<id:o23>	7	1	NA
7l4mg0mcvf9faq89cqg34v5uu3	1636311243.6542	<id:c19>	<id:o19>	6	2	NA
7l4mg0mcvf9faq89cqg34v5uu3	1636311276.3603	<id:c22>	<id:o22>	1	2	NA
7l4mg0mcvf9faq89cqg34v5uu3	1636311302.8172	<id:c13>	<id:o13>	7	1	NA
7l4mg0mcvf9faq89cqg34v5uu3	1636311322.9554	<id:c24>	<id:o24>	1	2	NA
7l4mg0mcvf9faq89cqg34v5uu3	1636311340.5513	<id:c16>	<id:o16>	1	3	NA
7l4mg0mcvf9faq89cqg34v5uu3	1636311352.9735	<id:c21>	<id:o21>	7	1	NA
7l4mg0mcvf9faq89cqg34v5uu3	1636311367.4851	<id:c14>	<id:o14>	1	3	NA
7l4mg0mcvf9faq89cqg34v5uu3	1636311379.9435	<id:c18>	<id:o18>	1	3	NA
7l4mg0mcvf9faq89cqg34v5uu3	1636311407.2895	<id:c17>	<id:o17>	4	2	NA
7l4mg0mcvf9faq89cqg34v5uu3	1636311421.4439	<id:c15>	<id:o15>	1	2	NA
f7pv64mqdtqldg67879urp3cm0	1636314053.1033	<id:c22>	<id:o22>	5	2	Por supuesto, vamos a intentar hacer nuestro trabajo lo más pronto posible.
f7pv64mqdtqldg67879urp3cm0	1636314112.3543	<id:c15>	<id:o15>	1	4	NA
f7pv64mqdtqldg67879urp3cm0	1636314271.6159	<id:c23>	<id:o23>	5	1	Estoy deseando que pasen estas semanas y verle la carita, y saber que está sana. .
f7pv64mqdtqldg67879urp3cm0	1636314508.7845	<id:c16>	<id:o16>	6	1	Las cosas al Madrid le van a peor, al contrario que al Atlétic
f7pv64mqdtqldg67879urp3cm0	1636314640.9881	<id:c13>	<id:o13>	6	1	NA
f7pv64mqdtqldg67879urp3cm0	1636314805.5712	<id:c17>	<id:o17>	6	1	De las consecuencias de la erupción del volcán,lo que más nos preocupa es la situación de las personas
f7pv64mqdtqldg67879urp3cm0	1636314885.7516	<id:c21>	<id:o21>	7	1	NA
f7pv64mqdtqldg67879urp3cm0	1636315007.8876	<id:c20>	<id:o20>	6	2	Cuando tu hijo tiene un problema de salud, el dinero es lo que menos te importa.,
f7pv64mqdtqldg67879urp3cm0	1636315058.2159	<id:c14>	<id:o14>	5	2	Cuanto más se enfatiza la beligerancia contra Vox, más recupera este el pulso político
f7pv64mqdtqldg67879urp3cm0	1636315087.8883	<id:c19>	<id:o19>	7	1	NA
f7pv64mqdtqldg67879urp3cm0	1636315110.8908	<id:c18>	<id:o18>	7	1	NA
f7pv64mqdtqldg67879urp3cm0	1636315233.5781	<id:c24>	<id:o24>	6	2	Lo que tú necesitas es alguien que te haga reír y que te trate bien.
eatqq2vfnurt8rp4k3g1p9h4u0	1636321285.7019	<id:c15>	<id:o15>	1	4	NA
eatqq2vfnurt8rp4k3g1p9h4u0	1636321315.9814	<id:c20>	<id:o20>	7	1	NA
eatqq2vfnurt8rp4k3g1p9h4u0	1636321354.8853	<id:c21>	<id:o21>	7	1	NA
eatqq2vfnurt8rp4k3g1p9h4u0	1636321386.2105	<id:c24>	<id:o24>	7	1	NA
eatqq2vfnurt8rp4k3g1p9h4u0	1636321415.2889	<id:c16>	<id:o16>	6	2	NA
eatqq2vfnurt8rp4k3g1p9h4u0	1636321447.8748	<id:c17>	<id:o17>	7	1	NA
eatqq2vfnurt8rp4k3g1p9h4u0	1636321476.3882	<id:c13>	<id:o13>	6	1	NA
eatqq2vfnurt8rp4k3g1p9h4u0	1636321501.4998	<id:c18>	<id:o18>	7	1	NA
eatqq2vfnurt8rp4k3g1p9h4u0	1636321540.9857	<id:c14>	<id:o14>	6	2	NA
eatqq2vfnurt8rp4k3g1p9h4u0	1636321572.8344	<id:c22>	<id:o22>	7	1	NA
eatqq2vfnurt8rp4k3g1p9h4u0	1636321599.0114	<id:c23>	<id:o23>	7	1	NA
eatqq2vfnurt8rp4k3g1p9h4u0	1636321623.8509	<id:c19>	<id:o19>	7	1	NA
h64c6mm0g63r08v2s7epr2em26	1636324094.8741	<id:c13>	<id:o13>	6	1	NA
h64c6mm0g63r08v2s7epr2em26	1636324153.569	<id:c14>	<id:o14>	5	3	NA
h64c6mm0g63r08v2s7epr2em26	1636324198.5741	<id:c20>	<id:o20>	6	2	Cuando tu hijo tiene un problema de salud, el dinero es lo que menos te importa
h64c6mm0g63r08v2s7epr2em26	1636324221.3626	<id:c21>	<id:o21>	7	1	NA
h64c6mm0g63r08v2s7epr2em26	1636324271.4843	<id:c22>	<id:o22>	6	2	Por supuesto, vamos a intentar hacer nuestro trabajo lo más rápido posible.
h64c6mm0g63r08v2s7epr2em26	1636324651.0444	<id:c15>	<id:o15>	5	2	Cuanto más se acerca un programa al prime time, más tiende a cruzarse la línea roja del infoespectáculo
h64c6mm0g63r08v2s7epr2em26	1636324705.9937	<id:c24>	<id:o24>	5	2	Lo que tú necesitas es alguien que te haga reír y te trate bien.
h64c6mm0g63r08v2s7epr2em26	1636324787.5119	<id:c18>	<id:o18>	5	2	Mi abuelo es el que mejor puede explicarte cómo se hacía antiguamente.
h64c6mm0g63r08v2s7epr2em26	1636324806.7468	<id:c17>	<id:o17>	7	1	NA
h64c6mm0g63r08v2s7epr2em26	1636324833.6518	<id:c19>	<id:o19>	7	1	NA
h64c6mm0g63r08v2s7epr2em26	1636324852.2495	<id:c23>	<id:o23>	6	1	NA
h64c6mm0g63r08v2s7epr2em26	1636324875.3173	<id:c16>	<id:o16>	5	2	NA
i2pqasgi8eo8f40utj7o9bab83	1636325328.8966	<id:c20>	<id:o20>	2	3	NA
i2pqasgi8eo8f40utj7o9bab83	1636325357.1519	<id:c22>	<id:o22>	2	3	NA
i2pqasgi8eo8f40utj7o9bab83	1636325407.8779	<id:c23>	<id:o23>	5	2	NA
i2pqasgi8eo8f40utj7o9bab83	1636325442.9651	<id:c15>	<id:o15>	1	4	NA
i2pqasgi8eo8f40utj7o9bab83	1636325460.7031	<id:c24>	<id:o24>	2	2	NA
i2pqasgi8eo8f40utj7o9bab83	1636325513.6405	<id:c19>	<id:o19>	6	1	NA
i2pqasgi8eo8f40utj7o9bab83	1636325614.906	<id:c13>	<id:o13>	1	2	NA
i2pqasgi8eo8f40utj7o9bab83	1636325644.1592	<id:c14>	<id:o14>	1	4	NA
i2pqasgi8eo8f40utj7o9bab83	1636325687.9332	<id:c21>	<id:o21>	3	2	NA
i2pqasgi8eo8f40utj7o9bab83	1636325714.7757	<id:c17>	<id:o17>	4	2	NA
i2pqasgi8eo8f40utj7o9bab83	1636325762.7463	<id:c18>	<id:o18>	2	2	NA
i2pqasgi8eo8f40utj7o9bab83	1636325791.0544	<id:c16>	<id:o16>	1	3	NA
vgejklogpuju130qeqshs7qb73	1636394264.797	<id:c18>	<id:o18>	4	2	NA
vgejklogpuju130qeqshs7qb73	1636394448.9961	<id:c20>	<id:o20>	5	2	NA
vgejklogpuju130qeqshs7qb73	1636394494.0834	<id:c19>	<id:o19>	7	1	NA
vgejklogpuju130qeqshs7qb73	1636394523.8057	<id:c21>	<id:o21>	7	1	NA
vgejklogpuju130qeqshs7qb73	1636394549.783	<id:c24>	<id:o24>	4	2	NA
vgejklogpuju130qeqshs7qb73	1636394594.056	<id:c15>	<id:o15>	4	2	NA
vgejklogpuju130qeqshs7qb73	1636394670.8214	<id:c16>	<id:o16>	6	2	NA
vgejklogpuju130qeqshs7qb73	1636394822.9467	<id:c22>	<id:o22>	5	2	NA
vgejklogpuju130qeqshs7qb73	1636394876.9206	<id:c13>	<id:o13>	4	3	NA
vgejklogpuju130qeqshs7qb73	1636394944.8107	<id:c23>	<id:o23>	6	2	NA
vgejklogpuju130qeqshs7qb73	1636395029.8053	<id:c17>	<id:o17>	6	2	NA
vgejklogpuju130qeqshs7qb73	1636395094.1402	<id:c14>	<id:o14>	2	4	NA
al6hsi4kbk4orvhl37un0ufbk3	1636419671.7567	<id:c20>	<id:o20>	3	2	NA
al6hsi4kbk4orvhl37un0ufbk3	1636419695.9812	<id:c21>	<id:o21>	5	2	NA
al6hsi4kbk4orvhl37un0ufbk3	1636419717.6097	<id:c15>	<id:o15>	5	2	NA
al6hsi4kbk4orvhl37un0ufbk3	1636419753.7698	<id:c14>	<id:o14>	3	4	NA
al6hsi4kbk4orvhl37un0ufbk3	1636419774.5758	<id:c13>	<id:o13>	6	2	NA
al6hsi4kbk4orvhl37un0ufbk3	1636419785.3425	<id:c16>	<id:o16>	4	3	NA
al6hsi4kbk4orvhl37un0ufbk3	1636419811.4603	<id:c22>	<id:o22>	1	2	NA
al6hsi4kbk4orvhl37un0ufbk3	1636419865.9276	<id:c23>	<id:o23>	7	1	NA
al6hsi4kbk4orvhl37un0ufbk3	1636419877.4497	<id:c24>	<id:o24>	1	2	NA
al6hsi4kbk4orvhl37un0ufbk3	1636419895.9885	<id:c18>	<id:o18>	5	2	NA
al6hsi4kbk4orvhl37un0ufbk3	1636419910.8355	<id:c17>	<id:o17>	6	2	NA
al6hsi4kbk4orvhl37un0ufbk3	1636419941.9875	<id:c19>	<id:o19>	6	1	NA
6i34embkbgpblo7uq64v4iu2b7	1636483239.0599	<id:c14>	<id:o14>	7	1	NA
6i34embkbgpblo7uq64v4iu2b7	1636483263.262	<id:c17>	<id:o17>	7	1	NA
6i34embkbgpblo7uq64v4iu2b7	1636483309.6052	<id:c13>	<id:o13>	5	1	NA
6i34embkbgpblo7uq64v4iu2b7	1636483336.8416	<id:c22>	<id:o22>	5	2	NA
6i34embkbgpblo7uq64v4iu2b7	1636483364.8836	<id:c16>	<id:o16>	3	2	NA
6i34embkbgpblo7uq64v4iu2b7	1636483398.8501	<id:c19>	<id:o19>	7	1	NA
6i34embkbgpblo7uq64v4iu2b7	1636483426.4967	<id:c18>	<id:o18>	6	2	NA
6i34embkbgpblo7uq64v4iu2b7	1636483467.097	<id:c15>	<id:o15>	3	3	NA
6i34embkbgpblo7uq64v4iu2b7	1636483493.9347	<id:c20>	<id:o20>	6	2	NA
6i34embkbgpblo7uq64v4iu2b7	1636483534.7639	<id:c23>	<id:o23>	6	2	NA
6i34embkbgpblo7uq64v4iu2b7	1636483555.0616	<id:c21>	<id:o21>	7	1	NA
6i34embkbgpblo7uq64v4iu2b7	1636483574.138	<id:c24>	<id:o24>	4	2	NA
m905d4a1edhiu2u4qhe9b2hf66	1636811720.495	<id:c17>	<id:o17>	6	1	En la situación actual...
m905d4a1edhiu2u4qhe9b2hf66	1636811745.4106	<id:c21>	<id:o21>	7	1	NA
m905d4a1edhiu2u4qhe9b2hf66	1636811792.0565	<id:c22>	<id:o22>	5	2	Vamos a intentar hacer nuestro trabajo...
m905d4a1edhiu2u4qhe9b2hf66	1636811836.1198	<id:c20>	<id:o20>	5	2	...el dinero es lo que menos te importa
m905d4a1edhiu2u4qhe9b2hf66	1636811867.8112	<id:c19>	<id:o19>	7	1	NA
m905d4a1edhiu2u4qhe9b2hf66	1636811892.4333	<id:c23>	<id:o23>	7	1	NA
m905d4a1edhiu2u4qhe9b2hf66	1636811941.166	<id:c16>	<id:o16>	5	2	Cuanto peor le van las cosas...
m905d4a1edhiu2u4qhe9b2hf66	1636812045.5279	<id:c14>	<id:o14>	4	2	Cuanto más se enfatiza la beligerancia ante Vox más recuepera Vox pulso político
m905d4a1edhiu2u4qhe9b2hf66	1636812080.3902	<id:c13>	<id:o13>	7	1	NA
m905d4a1edhiu2u4qhe9b2hf66	1636812136.1368	<id:c15>	<id:o15>	6	1	vuánto más se acerca un programa al prime time...
m905d4a1edhiu2u4qhe9b2hf66	1636812184.6177	<id:c18>	<id:o18>	5	2	Mi abuelo es el que mejor puede explicarte...
m905d4a1edhiu2u4qhe9b2hf66	1636812224.7735	<id:c24>	<id:o24>	6	2	alguien que te haga reir
a38setel2e8gn7pjgfqe2jfrj2	1636814851.6745	<id:c16>	<id:o16>	6	1	Mal le van las cosas al Madrid
a38setel2e8gn7pjgfqe2jfrj2	1636814889.9705	<id:c13>	<id:o13>	7	1	NA
a38setel2e8gn7pjgfqe2jfrj2	1636814966.116	<id:c19>	<id:o19>	7	1	..:es quien más las necesita
a38setel2e8gn7pjgfqe2jfrj2	1636815037.584	<id:c17>	<id:o17>	6	1	De la situación creada por el volcán
a38setel2e8gn7pjgfqe2jfrj2	1636815154.5357	<id:c24>	<id:o24>	7	1	Lo que necesitas es que alguien te haga reír…
a38setel2e8gn7pjgfqe2jfrj2	1636815223.0691	<id:c15>	<id:o15>	6	1	Cuanto más se acerca un programa…
a38setel2e8gn7pjgfqe2jfrj2	1636815352.5123	<id:c14>	<id:o14>	6	2	Cuanto más se enfatiza la beligerancia frentes Vox,  más pulso político recupera
a38setel2e8gn7pjgfqe2jfrj2	1636815405.166	<id:c20>	<id:o20>	6	2	…el dinero es lo que menos te importa 
a38setel2e8gn7pjgfqe2jfrj2	1636815465.5356	<id:c23>	<id:o23>	7	1	que está sano. 
a38setel2e8gn7pjgfqe2jfrj2	1636815495.3136	<id:c21>	<id:o21>	7	1	NA
a38setel2e8gn7pjgfqe2jfrj2	1636815529.6949	<id:c22>	<id:o22>	6	1	Intentar hacer
a38setel2e8gn7pjgfqe2jfrj2	1636815590.2018	<id:c18>	<id:o18>	6	1	el que mejor puede explicarte…
9kkl44uedhrn0a7ku25ahmq635	1636830750.6981	<id:c20>	<id:o20>	5	2	NA
9kkl44uedhrn0a7ku25ahmq635	1636830817.952	<id:c14>	<id:o14>	4	2	NA
9kkl44uedhrn0a7ku25ahmq635	1636830853.788	<id:c16>	<id:o16>	4	2	NA
9kkl44uedhrn0a7ku25ahmq635	1636830888.7562	<id:c21>	<id:o21>	7	1	NA
9kkl44uedhrn0a7ku25ahmq635	1636830921.3498	<id:c22>	<id:o22>	6	2	NA
9kkl44uedhrn0a7ku25ahmq635	1636830956.7987	<id:c24>	<id:o24>	6	2	NA
9kkl44uedhrn0a7ku25ahmq635	1636831001.3302	<id:c19>	<id:o19>	7	1	NA
9kkl44uedhrn0a7ku25ahmq635	1636831076.5921	<id:c15>	<id:o15>	3	4	NA
9kkl44uedhrn0a7ku25ahmq635	1636831235.267	<id:c17>	<id:o17>	4	2	Los daños personales 
9kkl44uedhrn0a7ku25ahmq635	1636831277.5952	<id:c13>	<id:o13>	3	2	NA
9kkl44uedhrn0a7ku25ahmq635	1636831329.5638	<id:c18>	<id:o18>	6	2	NA
9kkl44uedhrn0a7ku25ahmq635	1636831364.3356	<id:c23>	<id:o23>	7	1	NA
k6gi0iiefpbrdju4p9dhatu501	1636911754.0021	<id:c18>	<id:o18>	7	1	NA
k6gi0iiefpbrdju4p9dhatu501	1636911824.7123	<id:c24>	<id:o24>	7	1	NA
k6gi0iiefpbrdju4p9dhatu501	1636911885.3256	<id:c16>	<id:o16>	7	1	NA
k6gi0iiefpbrdju4p9dhatu501	1636911911.7843	<id:c19>	<id:o19>	7	1	NA
k6gi0iiefpbrdju4p9dhatu501	1636911934.7027	<id:c20>	<id:o20>	7	1	NA
k6gi0iiefpbrdju4p9dhatu501	1636911951.9736	<id:c21>	<id:o21>	7	1	NA
k6gi0iiefpbrdju4p9dhatu501	1636911997.2141	<id:c14>	<id:o14>	7	1	NA
k6gi0iiefpbrdju4p9dhatu501	1636912018.9289	<id:c17>	<id:o17>	7	1	NA
k6gi0iiefpbrdju4p9dhatu501	1636912036.0652	<id:c13>	<id:o13>	7	1	NA
k6gi0iiefpbrdju4p9dhatu501	1636912126.3616	<id:c15>	<id:o15>	6	2	Cuando un programa se acerca al prime time, más tiende a cruzarse la línea roja del infoespectáculo.
k6gi0iiefpbrdju4p9dhatu501	1636912141.9227	<id:c23>	<id:o23>	7	1	NA
k6gi0iiefpbrdju4p9dhatu501	1636912186.3651	<id:c22>	<id:o22>	6	2	Por supuesto, vamos a intentar hacer nuestro trabajo lo más rápido posible.
